bbox_x1,bbox_x2,bbox_y1,bbox_y2,Brand,Type,file_name
33,17,481,316,Hyundai,Hatchback,Y270PAPZ.jpg
257,205,697,438,Hyundai,Hatchback,PSRRUNLC.jpg
9,27,275,157,Mercedes-Benz,Sedan,M2OZ4BA0.jpg
68,96,583,372,Mercedes-Benz,Sedan,2Z2FSFKR.jpg
15,188,463,350,Hyundai,Sedan,0K1YXSI4.jpg
37,41,345,173,Hyundai,Hatchback,9RCFDUFY.jpg
17,70,282,166,Mercedes-Benz,Sedan,C7O2DU1P.jpg
53,30,538,265,Hyundai,Sedan,AATN16ZY.jpg
33,25,1237,721,Mercedes-Benz,Sedan,SPGBEH0F.jpg
127,36,1367,896,Hyundai,Sedan,QWD3P2R8.jpg
29,17,1163,715,Mercedes-Benz,Sedan,CGNGAABE.jpg
20,61,591,362,Hyundai,Hatchback,ZLF0TBLI.jpg
66,22,984,617,Mercedes-Benz,Sedan,NNR0C0U1.jpg
9,12,649,345,Hyundai,Sedan,YOXI1P2G.jpg
77,277,1160,763,Mercedes-Benz,Sedan,KGEZOGM8.jpg
82,53,438,306,Hyundai,Sedan,C6BMGA4E.jpg
34,43,335,166,Hyundai,Sedan,Y9J6NW0U.jpg
45,168,535,358,Hyundai,Sedan,XGUMF6LY.jpg
117,134,789,538,Mercedes-Benz,Convertible,5R7GY5E2.jpg
32,74,277,203,Mercedes-Benz,Sedan,S3GUN7EJ.jpg
46,35,762,418,Hyundai,Hatchback,XVJFTS9T.jpg
17,69,682,436,Hyundai,Sedan,DXCP9QJR.jpg
46,46,193,160,Hyundai,Sedan,D66C8L7V.jpg
143,541,3812,2094,Hyundai,Sedan,V0Y8V8QK.jpg
6,30,270,162,Mercedes-Benz,Sedan,EGA8CTRW.jpg
17,116,303,309,Hyundai,Hatchback,5YBSOCI8.jpg
33,195,990,590,Mercedes-Benz,Sedan,FK1W1WIK.jpg
6,6,496,223,Hyundai,Hatchback,9YED7K4G.jpg
59,291,1005,709,Mercedes-Benz,Sedan,E7F1N9JE.jpg
567,449,1428,988,Hyundai,Sedan,AH63E4GJ.jpg
69,145,855,581,Hyundai,Hatchback,T6KXF7TN.jpg
15,49,552,422,Hyundai,Sedan,PNNV1LOS.jpg
104,155,459,322,Hyundai,Sedan,WAFLXFBI.jpg
46,48,277,177,Mercedes-Benz,Sedan,O7IUL9ZE.jpg
74,180,543,433,Mercedes-Benz,Convertible,WHAJHE9E.jpg
67,126,774,492,Mercedes-Benz,Sedan,9IGJWBMS.jpg
6,55,257,143,Mercedes-Benz,Convertible,DF5Z3OBI.jpg
58,231,1145,770,Mercedes-Benz,Sedan,DK1IQPEH.jpg
12,95,612,324,Hyundai,Sedan,28Y3F1M1.jpg
18,84,205,167,Mercedes-Benz,Convertible,AY7RKL6Q.jpg
52,4,485,257,Hyundai,Sedan,MJZ7UFWS.jpg
19,11,626,445,Hyundai,Hatchback,M13OXR03.jpg
5,78,257,169,Mercedes-Benz,Convertible,5BVSEYOV.jpg
24,51,612,435,Hyundai,Hatchback,CBNM0E00.jpg
123,207,947,543,Honda,Sedan,AYGM7JNU.jpg
25,50,623,417,Mercedes-Benz,Sedan,NC24MP8X.jpg
43,110,462,296,Mercedes-Benz,Sedan,LXJPUIYS.jpg
94,235,571,486,Hyundai,Sedan,FIF5JWDI.jpg
25,32,236,180,Mercedes-Benz,Convertible,7AXTB705.jpg
111,123,657,436,Hyundai,Hatchback,9QFCQ1L4.jpg
47,113,841,506,Hyundai,Sedan,B1UGXKCZ.jpg
24,91,506,270,Hyundai,Sedan,HM2K69FA.jpg
39,172,1451,902,Mercedes-Benz,Sedan,PZ8G6I9S.jpg
54,218,566,438,Hyundai,Sedan,910K8TAN.jpg
74,187,917,734,Hyundai,Sedan,ZEB5NYPM.jpg
48,171,678,400,Hyundai,Sedan,EMUSB110.jpg
44,275,1237,858,Hyundai,Sedan,RKZKL1ZQ.jpg
117,323,972,794,Mercedes-Benz,Sedan,LAI3S0Q2.jpg
19,20,286,212,Mercedes-Benz,Sedan,253E4MV2.jpg
37,235,921,640,Hyundai,Sedan,C4LT2BIP.jpg
33,39,374,242,Honda,Sedan,S3VCWTA0.jpg
19,36,453,327,Hyundai,Sedan,TR3CQQ7E.jpg
20,321,1003,621,Mercedes-Benz,Sedan,3UMCVBAY.jpg
9,61,334,199,Hyundai,Sedan,QXW3RN3Q.jpg
107,193,552,348,Hyundai,Hatchback,KD7VBORN.jpg
65,149,766,454,Mercedes-Benz,Sedan,QYKHFOYP.jpg
27,33,608,381,Hyundai,Hatchback,FNNNQDG2.jpg
43,181,471,329,Hyundai,Sedan,DS9CQSPL.jpg
12,18,256,163,Mercedes-Benz,Sedan,BR6NMLTN.jpg
166,597,1949,1431,Mercedes-Benz,Sedan,B0QYE1EV.jpg
30,128,402,307,Hyundai,Sedan,Q7XCFQDY.jpg
140,173,1358,762,Mercedes-Benz,Convertible,B0M4EDS1.jpg
83,81,644,420,Hyundai,Hatchback,WR46RN2I.jpg
9,78,899,520,Hyundai,Hatchback,ER4A2DBF.jpg
30,146,666,378,Hyundai,Sedan,2NXV967S.jpg
28,117,411,254,Hyundai,Sedan,IFS2OZME.jpg
36,103,589,325,Hyundai,Hatchback,5MHOU6TL.jpg
72,148,555,316,Hyundai,Sedan,JD945KE1.jpg
92,185,398,346,Hyundai,Sedan,DDZI5NKY.jpg
34,82,600,398,Mercedes-Benz,Sedan,RAJ2BNKD.jpg
10,52,255,163,Mercedes-Benz,Sedan,XOFYG1U0.jpg
165,183,495,358,Hyundai,Hatchback,R01J3URO.jpg
24,21,297,178,Hyundai,Sedan,ENF3WFAT.jpg
32,59,469,298,Hyundai,Sedan,FHJI8R5F.jpg
20,89,607,404,Hyundai,Sedan,6DLPYUN8.jpg
249,254,591,467,Hyundai,Sedan,KBQTQLDP.jpg
58,94,467,293,Mercedes-Benz,Sedan,9A6Z53CZ.jpg
13,27,243,153,Hyundai,Sedan,02TL8J96.jpg
83,146,605,438,Honda,Sedan,VV1G1NLM.jpg
621,393,1484,1096,Hyundai,Sedan,4FMMIAPD.jpg
2,3,217,117,Mercedes-Benz,Convertible,5IOZLT6Z.jpg
127,59,449,284,Hyundai,Sedan,LK9DHV1O.jpg
22,80,364,268,Hyundai,Hatchback,ZPKLNSQ7.jpg
243,197,889,654,Mercedes-Benz,Sedan,PKZ2BR17.jpg
15,23,292,163,Mercedes-Benz,Sedan,LPHXH5FV.jpg
68,135,389,282,Hyundai,Sedan,SYEGCMI8.jpg
14,38,224,173,Hyundai,Sedan,PWHL7V1J.jpg
167,196,1274,824,Hyundai,Sedan,EU7EYU6Q.jpg
219,37,771,354,Honda,Sedan,ZI08YG3B.jpg
5,1,131,86,Mercedes-Benz,Convertible,XCEIQD7I.jpg
1,250,1597,952,Mercedes-Benz,Sedan,TNMZKSLL.jpg
216,214,816,447,Hyundai,Sedan,E70VD37Y.jpg
85,119,644,374,Hyundai,Sedan,8U0J424M.jpg
257,445,1145,808,Mercedes-Benz,Sedan,FP90Z7K2.jpg
42,95,370,229,Hyundai,Hatchback,JXEOIHV3.jpg
23,36,639,421,Mercedes-Benz,Sedan,T3U4SM51.jpg
111,58,451,312,Hyundai,Hatchback,ZWHIDS48.jpg
9,68,298,227,Hyundai,Sedan,06WCH36I.jpg
49,88,226,172,Honda,Sedan,FBS174K5.jpg
43,43,974,658,Hyundai,Sedan,D5PI0FSJ.jpg
66,82,673,564,Hyundai,Hatchback,V0EY6G9J.jpg
68,30,620,506,Hyundai,Sedan,ISEW62VR.jpg
73,219,533,371,Honda,Sedan,ZUVJT6HE.jpg
13,122,393,283,Hyundai,Hatchback,XNA07UCT.jpg
545,333,1496,977,Hyundai,Sedan,QHLIC7VP.jpg
65,67,581,410,Hyundai,Sedan,WJHVQY8F.jpg
10,13,247,182,Mercedes-Benz,Sedan,CHBU9ARP.jpg
4,69,300,214,Mercedes-Benz,Sedan,QLOEGK7X.jpg
57,108,441,244,Hyundai,Hatchback,Q4KQ99IC.jpg
260,217,1083,659,Mercedes-Benz,Sedan,USXHI9IS.jpg
52,31,423,275,Hyundai,Hatchback,WNVFRCEX.jpg
46,240,1467,1115,Hyundai,Sedan,HNUVMXHH.jpg
46,60,575,354,Mercedes-Benz,Sedan,91INYUYS.jpg
74,1,1448,855,Hyundai,Hatchback,GZE82OFJ.jpg
24,125,384,259,Hyundai,Sedan,7CM334G8.jpg
39,135,588,393,Hyundai,Sedan,WRAZVPAP.jpg
70,332,1548,1044,Mercedes-Benz,Convertible,A34K9B1Y.jpg
63,163,558,367,Mercedes-Benz,Convertible,NZUTM113.jpg
167,84,854,575,Hyundai,Sedan,WSTET9L2.jpg
22,83,1686,833,Honda,Sedan,W6YPSJ8Y.jpg
4,67,259,152,Mercedes-Benz,Convertible,8BE5YH6T.jpg
39,47,177,118,Hyundai,Sedan,NW8UUUHU.jpg
732,282,1633,963,Mercedes-Benz,Sedan,0MT56V8N.jpg
119,319,1176,826,Mercedes-Benz,Sedan,QK1N3RIQ.jpg
8,29,258,165,Honda,Sedan,6BH0U4PY.jpg
10,49,595,311,Hyundai,Hatchback,UDAZNQNG.jpg
34,48,471,274,Hyundai,Hatchback,K1DW51KM.jpg
48,214,1233,724,Hyundai,Hatchback,A37E117O.jpg
32,78,205,173,Mercedes-Benz,Sedan,ZOWNRUJW.jpg
24,22,559,371,Hyundai,Hatchback,UJWJYHUI.jpg
58,226,757,517,Hyundai,Sedan,UM92P8RA.jpg
30,140,1001,603,Mercedes-Benz,Sedan,GBL7FQ77.jpg
19,82,618,393,Mercedes-Benz,Convertible,L55RX28Y.jpg
34,57,350,226,Hyundai,Hatchback,200CNXMI.jpg
69,75,236,161,Mercedes-Benz,Sedan,CQUMGDWA.jpg
65,145,564,395,Hyundai,Sedan,QY2G432P.jpg
14,41,291,165,Mercedes-Benz,Convertible,J4KYHCHY.jpg
111,140,408,262,Honda,Sedan,J1NHUVB9.jpg
62,23,447,306,Mercedes-Benz,Sedan,ON5JJ2SF.jpg
36,35,467,313,Mercedes-Benz,Convertible,9YF8J763.jpg
23,38,263,145,Honda,Sedan,SG6E30XO.jpg
95,161,558,420,Hyundai,Hatchback,Z8BYBCF7.jpg
12,339,1437,1073,Mercedes-Benz,Sedan,F6AEUVZE.jpg
53,302,963,619,Mercedes-Benz,Sedan,XCLHCHTU.jpg
84,54,443,313,Hyundai,Sedan,1E8EZRTC.jpg
129,413,946,879,Hyundai,Sedan,R4VX6TTK.jpg
43,98,373,241,Hyundai,Sedan,TPQDXMGB.jpg
40,53,332,243,Hyundai,Hatchback,E8C2GUXF.jpg
67,57,560,411,Hyundai,Hatchback,A7CCZDMG.jpg
57,111,691,413,Mercedes-Benz,Convertible,7RWVFQKR.jpg
93,239,907,661,Hyundai,Sedan,MJG8BOD2.jpg
26,18,698,468,Hyundai,Hatchback,B4AOGX7H.jpg
96,81,572,400,Hyundai,Sedan,K45SBK27.jpg
10,117,456,330,Mercedes-Benz,Convertible,GY9TYBAR.jpg
40,97,614,456,Hyundai,Hatchback,8M0ADZAN.jpg
30,11,413,316,Hyundai,Hatchback,9RBF06EQ.jpg
192,581,3976,1791,Mercedes-Benz,Sedan,LVCA0SYX.jpg
47,87,973,589,Hyundai,Sedan,WBN235PN.jpg
33,91,468,314,Mercedes-Benz,Sedan,73322Z99.jpg
20,47,291,212,Mercedes-Benz,Sedan,P0CNCQWE.jpg
135,36,1181,885,Hyundai,Sedan,85PZYNIC.jpg
10,86,584,401,Hyundai,Sedan,WKV33F5F.jpg
9,214,971,631,Hyundai,Sedan,GO2FZQYU.jpg
24,117,618,366,Honda,Sedan,0S642MO0.jpg
45,63,237,138,Honda,Sedan,YCJGOPVR.jpg
35,81,428,294,Hyundai,Hatchback,5EYQ84J2.jpg
35,56,562,303,Hyundai,Sedan,KUEGHFCQ.jpg
91,32,523,317,Hyundai,Sedan,XEZ9TLZI.jpg
594,306,1520,1149,Hyundai,Hatchback,26QKFEIV.jpg
15,17,343,199,Hyundai,Hatchback,MODFM1T8.jpg
123,247,549,463,Honda,Sedan,W487HVQZ.jpg
70,85,955,681,Hyundai,Sedan,H41NR0RH.jpg
107,70,550,318,Hyundai,Hatchback,4HC8LB1R.jpg
70,364,1519,1105,Mercedes-Benz,Sedan,AZLO6CUR.jpg
80,82,831,572,Hyundai,Sedan,APPO47WF.jpg
32,48,629,363,Hyundai,Hatchback,SSDRXA4Z.jpg
1,47,639,438,Hyundai,Hatchback,O3X4U898.jpg
127,99,521,366,Hyundai,Sedan,M7DJYNG5.jpg
28,64,452,280,Hyundai,Hatchback,GYHQF2T0.jpg
11,39,258,162,Hyundai,Sedan,GO3QMU5G.jpg
17,40,245,153,Hyundai,Sedan,S0XT7B3T.jpg
17,120,563,359,Hyundai,Hatchback,NFIHXPUO.jpg
28,164,698,417,Hyundai,Sedan,DLMT73T2.jpg
4,30,146,86,Mercedes-Benz,Convertible,651KU9LN.jpg
89,209,730,482,Mercedes-Benz,Sedan,P4MXE8ML.jpg
55,58,500,321,Hyundai,Sedan,JYLE9RRR.jpg
39,43,148,125,Mercedes-Benz,Convertible,OKQBS43U.jpg
81,58,1550,1069,Hyundai,Sedan,J8Z8Z1TZ.jpg
17,72,602,386,Mercedes-Benz,Sedan,L5WV2FD6.jpg
51,73,606,329,Hyundai,Sedan,K7W5KRWG.jpg
102,85,463,360,Hyundai,Sedan,18MRI04Y.jpg
17,74,624,425,Hyundai,Sedan,MD6PDUBX.jpg
5,20,388,239,Mercedes-Benz,Sedan,78O30NCV.jpg
75,6,864,628,Hyundai,Sedan,W1XPIDED.jpg
16,49,383,277,Hyundai,Sedan,SMYXRZ1U.jpg
160,332,1112,708,Mercedes-Benz,Sedan,Y3R0YA1A.jpg
45,120,953,642,Hyundai,Hatchback,J3FAND9A.jpg
16,39,228,163,Mercedes-Benz,Sedan,X2ORFPOG.jpg
187,270,1103,735,Hyundai,Sedan,F19YZQEY.jpg
139,206,590,395,Hyundai,Hatchback,QKDPTKH7.jpg
23,118,608,349,Hyundai,Sedan,BZ6J3V3T.jpg
49,57,494,419,Mercedes-Benz,Sedan,YWX6RYNB.jpg
49,40,565,401,Mercedes-Benz,Sedan,KLEZ7FCO.jpg
70,237,709,567,Hyundai,Sedan,XUI6R1AX.jpg
59,164,716,419,Hyundai,Sedan,7IP0ZA2T.jpg
1,15,640,319,Mercedes-Benz,Convertible,TBVIH4G5.jpg
309,190,970,506,Hyundai,Sedan,UB1X19ZA.jpg
501,443,1088,706,Hyundai,Sedan,K5V00DYE.jpg
65,65,268,180,Mercedes-Benz,Sedan,19Y4PLM0.jpg
54,19,233,147,Mercedes-Benz,Sedan,UGQG3FF8.jpg
27,83,284,176,Honda,Sedan,N4EPO3YH.jpg
22,17,292,154,Hyundai,Sedan,88YHUQBP.jpg
37,74,756,356,Honda,Sedan,ZCGMLORO.jpg
79,300,627,589,Hyundai,Sedan,OEF8W8DP.jpg
21,99,442,295,Mercedes-Benz,Sedan,1M13G9CO.jpg
9,111,388,258,Hyundai,Hatchback,J5IOBMZA.jpg
46,30,354,240,Hyundai,Hatchback,E00AEAIO.jpg
12,18,235,163,Mercedes-Benz,Sedan,QLHZL92P.jpg
10,60,894,506,Hyundai,Hatchback,TLBYFXDZ.jpg
52,83,564,375,Mercedes-Benz,Sedan,QZLZXM9B.jpg
44,67,250,171,Honda,Sedan,PUDVGTF6.jpg
143,89,390,238,Hyundai,Sedan,ALO23CC7.jpg
8,93,630,422,Hyundai,Sedan,2PVV1GS6.jpg
46,28,217,141,Mercedes-Benz,Sedan,ENBTGMIM.jpg
16,79,727,449,Hyundai,Hatchback,OTK42P9F.jpg
29,26,1260,778,Hyundai,Sedan,VVMG2UMI.jpg
94,307,969,733,Honda,Sedan,1414NQ09.jpg
56,99,392,239,Mercedes-Benz,Sedan,MCH1RU5R.jpg
142,230,1476,983,Hyundai,Hatchback,KKBCC076.jpg
71,111,558,356,Hyundai,Sedan,0WQ537PG.jpg
231,103,430,226,Hyundai,Sedan,MIT06W98.jpg
177,382,1465,872,Hyundai,Hatchback,K7LOWHW3.jpg
23,52,270,188,Hyundai,Sedan,30LDCDL7.jpg
89,40,414,249,Hyundai,Sedan,UHFAZJ9U.jpg
121,87,567,465,Hyundai,Sedan,LT23XF35.jpg
128,126,767,437,Mercedes-Benz,Sedan,6OSZZATX.jpg
21,1,277,196,Hyundai,Sedan,4UAC1P5V.jpg
22,70,398,243,Mercedes-Benz,Sedan,X75HKCVP.jpg
33,87,470,296,Hyundai,Sedan,RX2T7AQD.jpg
11,22,394,178,Mercedes-Benz,Sedan,POBWNQ80.jpg
31,63,192,136,Mercedes-Benz,Convertible,AJI8U1MT.jpg
55,116,639,377,Mercedes-Benz,Convertible,G71Q2RV8.jpg
247,284,892,538,Hyundai,Sedan,J7AR372A.jpg
42,193,605,476,Hyundai,Hatchback,22GUKO7H.jpg
51,44,481,269,Mercedes-Benz,Sedan,WEJH0J24.jpg
185,116,920,485,Mercedes-Benz,Sedan,RX0IQCGU.jpg
42,150,415,348,Mercedes-Benz,Convertible,GUU4B3KO.jpg
54,77,609,402,Hyundai,Sedan,807NQUN4.jpg
10,21,289,170,Hyundai,Sedan,2TKMAM8W.jpg
5,29,257,183,Mercedes-Benz,Sedan,W9HCEIIC.jpg
11,126,426,360,Hyundai,Sedan,CMDPATCY.jpg
70,125,389,340,Honda,Sedan,B9F56H5Q.jpg
173,102,623,322,Hyundai,Sedan,A3CHBJZJ.jpg
67,68,635,451,Hyundai,Sedan,OAG5A0QS.jpg
23,28,600,412,Hyundai,Hatchback,C8VZ68YI.jpg
34,74,473,273,Hyundai,Sedan,CU9SZ1RS.jpg
19,40,291,182,Hyundai,Sedan,2X3T0GO1.jpg
26,50,228,145,Mercedes-Benz,Sedan,J39BEW3B.jpg
17,69,247,157,Mercedes-Benz,Convertible,80F84UWU.jpg
58,73,365,246,Hyundai,Hatchback,EZNT6E89.jpg
4,49,426,297,Mercedes-Benz,Convertible,GLNSR078.jpg
71,1,850,599,Hyundai,Hatchback,8J1TRBIQ.jpg
36,147,316,245,Hyundai,Sedan,OG7YYDOH.jpg
61,137,596,443,Hyundai,Hatchback,JUJ8W9AZ.jpg
13,166,1005,638,Hyundai,Sedan,13J9DL8Q.jpg
302,432,1226,802,Hyundai,Sedan,9Q30C3HG.jpg
76,97,971,685,Hyundai,Sedan,624I46Q9.jpg
230,218,864,498,Mercedes-Benz,Convertible,YSI31QF8.jpg
39,44,231,153,Hyundai,Sedan,GJORNP9Y.jpg
1,39,243,135,Mercedes-Benz,Convertible,5MEQ5JPK.jpg
209,290,875,590,Hyundai,Hatchback,TV7JW6BW.jpg
39,117,597,417,Hyundai,Hatchback,RUCMBO0N.jpg
69,181,424,373,Hyundai,Hatchback,0XORHLHI.jpg
187,225,886,762,Mercedes-Benz,Sedan,L2JZPE0G.jpg
10,69,317,216,Mercedes-Benz,Sedan,I3KVB571.jpg
33,57,255,162,Mercedes-Benz,Sedan,NJ8XIZUN.jpg
24,70,601,345,Hyundai,Sedan,1EXXC3PK.jpg
51,52,541,364,Hyundai,Sedan,425WMGX9.jpg
47,106,880,447,Hyundai,Sedan,MZIXNJES.jpg
108,29,1427,925,Mercedes-Benz,Sedan,U5LRW5PM.jpg
36,18,1009,767,Mercedes-Benz,Sedan,VSK9YMWZ.jpg
14,60,223,138,Hyundai,Sedan,KE22V144.jpg
4,23,393,268,Hyundai,Hatchback,D93O9U2R.jpg
8,24,259,166,Honda,Sedan,1GH7Q525.jpg
20,90,632,339,Hyundai,Sedan,F80UYIPQ.jpg
59,52,247,155,Hyundai,Sedan,016Y2ND9.jpg
59,87,1737,1211,Mercedes-Benz,Sedan,02S9V7HT.jpg
262,277,1399,1024,Hyundai,Sedan,PQSAPBYJ.jpg
36,85,476,246,Hyundai,Sedan,JCMAAWRD.jpg
64,121,1520,1106,Hyundai,Sedan,FJDR9T0L.jpg
32,159,600,377,Hyundai,Sedan,P2VH710X.jpg
14,44,241,154,Mercedes-Benz,Sedan,U4044RDJ.jpg
45,71,465,335,Hyundai,Sedan,MH0YWEN9.jpg
8,106,391,262,Mercedes-Benz,Sedan,XDBF2EZV.jpg
182,153,593,357,Hyundai,Sedan,SI9ECNZP.jpg
17,28,330,218,Hyundai,Sedan,JMOWU6HU.jpg
7,42,614,380,Mercedes-Benz,Sedan,81SWN13B.jpg
20,89,290,212,Honda,Sedan,Z4S4A615.jpg
143,85,946,621,Hyundai,Sedan,0DZH5AW2.jpg
91,132,930,655,Hyundai,Hatchback,N3FM4CYL.jpg
128,61,529,420,Hyundai,Hatchback,474PIFQV.jpg
24,27,616,346,Hyundai,Sedan,K374NFY1.jpg
4,19,276,199,Mercedes-Benz,Sedan,TTTSCDQR.jpg
60,72,523,315,Honda,Sedan,71K8L9PR.jpg
20,65,612,409,Mercedes-Benz,Sedan,31VLCY8G.jpg
85,141,588,348,Mercedes-Benz,Convertible,CW610CV1.jpg
20,24,636,295,Hyundai,Hatchback,ISFBW44K.jpg
23,25,245,150,Mercedes-Benz,Sedan,976VF17V.jpg
130,133,710,455,Mercedes-Benz,Sedan,TY0LIJNE.jpg
3,19,195,114,Mercedes-Benz,Convertible,WIRG9Q1B.jpg
61,189,976,656,Hyundai,Sedan,3ZXBEQ34.jpg
7,85,246,182,Mercedes-Benz,Sedan,FK8PRP52.jpg
68,79,514,322,Hyundai,Sedan,V2WX2J9A.jpg
30,31,440,190,Hyundai,Hatchback,NT37Q0Q2.jpg
712,346,1375,706,Mercedes-Benz,Sedan,5U48AI1F.jpg
237,435,1000,876,Hyundai,Sedan,0XGH14KO.jpg
7,108,339,233,Mercedes-Benz,Convertible,SBM2ZSSX.jpg
32,41,239,153,Mercedes-Benz,Sedan,EBG3M50N.jpg
16,83,634,361,Mercedes-Benz,Convertible,XCA5V5WC.jpg
20,272,982,633,Mercedes-Benz,Sedan,5UKHIXLD.jpg
51,256,1007,585,Mercedes-Benz,Convertible,54NUTICZ.jpg
27,122,671,390,Honda,Sedan,MW4X3S3O.jpg
32,74,617,407,Hyundai,Hatchback,1JG8OKTL.jpg
187,132,453,346,Hyundai,Sedan,J2UZV9AB.jpg
137,417,1822,1130,Mercedes-Benz,Sedan,UU8ZRAQ4.jpg
98,254,951,643,Mercedes-Benz,Sedan,57XBHR90.jpg
43,285,953,625,Hyundai,Sedan,2PIHMAXC.jpg
31,81,608,391,Hyundai,Sedan,QMTT6YLA.jpg
16,157,778,520,Mercedes-Benz,Sedan,3PTN85DB.jpg
244,153,632,397,Hyundai,Sedan,28RD741R.jpg
24,20,283,163,Mercedes-Benz,Sedan,J58B02JT.jpg
32,62,272,189,Mercedes-Benz,Sedan,HV4CA7LG.jpg
84,57,595,402,Hyundai,Sedan,MR2ME6CH.jpg
61,99,920,607,Hyundai,Hatchback,TDRNUD2J.jpg
17,66,632,363,Mercedes-Benz,Sedan,HWX5LGR4.jpg
109,78,1172,787,Hyundai,Hatchback,UAZOOF5C.jpg
154,71,831,587,Hyundai,Sedan,QVQF7N0N.jpg
14,158,982,708,Mercedes-Benz,Sedan,LY4ELLNT.jpg
64,153,818,423,Hyundai,Sedan,JP9NW45V.jpg
49,83,1073,765,Hyundai,Sedan,RHL1HRLW.jpg
13,46,321,194,Mercedes-Benz,Sedan,AEJRYXFT.jpg
46,95,493,296,Hyundai,Hatchback,BULC7U34.jpg
334,551,1260,1014,Hyundai,Sedan,YNN5I7AC.jpg
5,46,255,138,Hyundai,Sedan,2BS5SEST.jpg
21,46,602,370,Hyundai,Sedan,IBI7YGWO.jpg
80,36,426,282,Hyundai,Hatchback,N9LHD4F2.jpg
31,69,288,157,Honda,Sedan,4N9P6CA4.jpg
57,70,651,355,Hyundai,Sedan,BY5WK4KT.jpg
68,111,561,378,Hyundai,Sedan,9CYG4TO2.jpg
24,22,226,169,Hyundai,Sedan,6IKHOBDL.jpg
78,221,1131,747,Hyundai,Sedan,7K7I1DFG.jpg
323,493,1280,863,Mercedes-Benz,Sedan,Z7L64FGA.jpg
18,8,620,384,Mercedes-Benz,Convertible,XHDP4SLI.jpg
34,315,1832,905,Hyundai,Sedan,6J8GAX0R.jpg
19,118,557,340,Hyundai,Sedan,WTVL065W.jpg
73,69,552,393,Honda,Sedan,FMEFWL9O.jpg
110,172,819,536,Hyundai,Sedan,370MYBZH.jpg
2,9,196,125,Mercedes-Benz,Convertible,OE9SW2NC.jpg
38,127,642,412,Hyundai,Sedan,Q6P6COQD.jpg
47,81,1149,684,Mercedes-Benz,Sedan,7SOWGTZ6.jpg
254,516,1702,1226,Mercedes-Benz,Sedan,OUZCSFVR.jpg
35,346,1237,736,Mercedes-Benz,Sedan,ZXQR6QVK.jpg
161,340,1401,945,Hyundai,Sedan,L8CRJACD.jpg
118,204,709,397,Hyundai,Sedan,MD6L3E72.jpg
8,100,430,257,Hyundai,Sedan,EZ38YCZH.jpg
61,58,269,148,Hyundai,Sedan,OMX0SIDB.jpg
24,27,429,257,Hyundai,Sedan,Y8RMRKOV.jpg
16,50,237,163,Mercedes-Benz,Sedan,ZRM4IM7J.jpg
128,203,922,710,Mercedes-Benz,Sedan,31ASAZPG.jpg
63,328,1223,755,Hyundai,Sedan,JX2QEQE9.jpg
23,102,408,265,Hyundai,Hatchback,XKTUV2MG.jpg
12,31,471,350,Hyundai,Hatchback,HVS3LO1S.jpg
46,109,492,317,Mercedes-Benz,Sedan,KRRH654G.jpg
74,55,671,388,Honda,Sedan,WTQ1AZ0F.jpg
11,29,631,435,Hyundai,Sedan,G53CA2OU.jpg
9,64,295,165,Honda,Sedan,UQDVNJRN.jpg
135,146,827,491,Hyundai,Sedan,RI15M312.jpg
71,89,688,423,Hyundai,Sedan,AP7IZ2H9.jpg
42,66,461,272,Hyundai,Hatchback,L01WAJGC.jpg
260,498,1700,1030,Hyundai,Sedan,VJ6CCJEO.jpg
30,36,418,307,Hyundai,Sedan,VCLQ6DF2.jpg
47,125,850,468,Hyundai,Sedan,7CHH96GU.jpg
97,259,868,646,Mercedes-Benz,Sedan,1NVASS73.jpg
222,337,1764,942,Mercedes-Benz,Sedan,36340MZG.jpg
28,66,279,208,Mercedes-Benz,Sedan,X36Z6ZD1.jpg
103,70,934,688,Mercedes-Benz,Sedan,424Y6NUZ.jpg
58,189,879,642,Mercedes-Benz,Sedan,3L7BNDU8.jpg
31,91,441,368,Mercedes-Benz,Sedan,WAO4GS5C.jpg
161,104,798,415,Mercedes-Benz,Sedan,RZOTXB55.jpg
6,8,194,122,Hyundai,Sedan,X13NCSTL.jpg
2,11,222,115,Hyundai,Sedan,M833IPYD.jpg
51,84,616,398,Hyundai,Sedan,JGIACHLE.jpg
29,23,463,333,Hyundai,Sedan,53V1YKSH.jpg
4,6,261,99,Honda,Sedan,LVBBKVR8.jpg
56,50,1229,660,Mercedes-Benz,Sedan,Z1YQBO3N.jpg
36,93,481,344,Hyundai,Sedan,GX04OV7N.jpg
25,138,464,285,Honda,Sedan,V91JGIQR.jpg
28,93,786,546,Hyundai,Sedan,WL2TABU8.jpg
4,28,415,340,Hyundai,Hatchback,R06Y30AT.jpg
27,48,279,175,Hyundai,Sedan,Y5HVWDGO.jpg
72,156,500,322,Hyundai,Sedan,384SGPRA.jpg
7,22,255,175,Hyundai,Sedan,UP95N3IQ.jpg
42,13,246,171,Honda,Sedan,D7C3CRJA.jpg
8,17,388,287,Hyundai,Sedan,IWSM7WO6.jpg
118,397,682,619,Mercedes-Benz,Sedan,9QOGYV0Y.jpg
5,41,191,142,Mercedes-Benz,Convertible,Z56NZHR8.jpg
37,50,272,188,Mercedes-Benz,Sedan,G6WB5JCZ.jpg
259,80,723,407,Hyundai,Sedan,DLZHHCYF.jpg
98,89,509,347,Hyundai,Sedan,4DN9DUSF.jpg
38,134,463,311,Hyundai,Sedan,I9UBSN1W.jpg
139,134,395,257,Hyundai,Hatchback,56U7RBRV.jpg
145,97,880,638,Mercedes-Benz,Sedan,ONOSLV61.jpg
5,9,498,312,Hyundai,Hatchback,K2Q59VTU.jpg
14,108,629,386,Hyundai,Sedan,JV16HRC6.jpg
8,175,793,547,Mercedes-Benz,Sedan,DDLJW5RF.jpg
14,5,388,254,Mercedes-Benz,Sedan,XTRUK3QN.jpg
82,99,565,351,Hyundai,Sedan,NPJOGTXT.jpg
47,69,603,453,Honda,Sedan,C9AMNTZH.jpg
48,123,708,480,Hyundai,Sedan,0J97FG8M.jpg
62,65,609,409,Honda,Sedan,A0EXEZ95.jpg
26,60,373,255,Hyundai,Sedan,TB89SWSE.jpg
5,99,638,324,Mercedes-Benz,Convertible,8N28TYU0.jpg
62,3,513,419,Hyundai,Sedan,K6II6CQK.jpg
40,104,587,363,Honda,Sedan,5VKBTYCY.jpg
28,55,270,170,Hyundai,Sedan,JYJ6G8ZG.jpg
86,19,505,316,Hyundai,Sedan,PWBYILSU.jpg
73,97,587,375,Mercedes-Benz,Sedan,C1N1UXO0.jpg
184,493,1666,1027,Mercedes-Benz,Sedan,R9T8FOCB.jpg
13,62,276,179,Hyundai,Sedan,3STJ6VL5.jpg
3,25,295,214,Honda,Sedan,TIHPNTX2.jpg
152,167,1095,681,Hyundai,Hatchback,06RNGBPI.jpg
19,61,472,309,Hyundai,Hatchback,F9FEY8TQ.jpg
3,82,260,176,Honda,Sedan,NUQM2O4W.jpg
69,36,259,155,Mercedes-Benz,Convertible,YIWIW79C.jpg
148,87,608,315,Hyundai,Sedan,LOWJ1XKF.jpg
38,154,474,301,Mercedes-Benz,Convertible,64HPB2BD.jpg
280,158,777,491,Hyundai,Sedan,7RJEGRFY.jpg
259,730,1381,1117,Mercedes-Benz,Sedan,BYB5XXG5.jpg
99,200,1103,668,Mercedes-Benz,Sedan,Z2447SSU.jpg
163,237,1061,737,Mercedes-Benz,Sedan,EPSBHKZF.jpg
111,231,917,634,Mercedes-Benz,Sedan,22T015UG.jpg
41,38,299,190,Hyundai,Sedan,5TASKH7D.jpg
59,61,558,410,Hyundai,Sedan,TEMXKMD1.jpg
30,174,598,379,Hyundai,Sedan,A6UJ41M2.jpg
43,135,756,420,Mercedes-Benz,Sedan,F3L1GWQ1.jpg
7,17,277,166,Hyundai,Sedan,V3KHCD9N.jpg
128,139,503,300,Hyundai,Sedan,RWKQLEA5.jpg
32,93,941,696,Hyundai,Hatchback,NVRNPGDX.jpg
11,83,441,261,Hyundai,Sedan,7FWO5NW4.jpg
13,99,631,425,Hyundai,Sedan,NJ47AHQK.jpg
13,103,497,334,Hyundai,Sedan,SXEIVIW3.jpg
11,103,617,310,Honda,Sedan,TAZIPCZP.jpg
14,42,613,384,Hyundai,Sedan,7EDWI8CL.jpg
18,13,343,283,Hyundai,Sedan,LEI19KDN.jpg
53,130,471,304,Mercedes-Benz,Sedan,LH4F7B21.jpg
29,66,614,433,Hyundai,Sedan,GUI8G9SA.jpg
192,235,1260,878,Mercedes-Benz,Sedan,MYAM1XCZ.jpg
35,75,614,392,Mercedes-Benz,Sedan,PDR6WW29.jpg
32,86,609,304,Hyundai,Hatchback,8WLPV6FI.jpg
383,797,2407,1754,Hyundai,Sedan,6ODW8FEH.jpg
88,233,956,620,Mercedes-Benz,Sedan,5EIEUN07.jpg
33,20,201,106,Hyundai,Sedan,PNJU49OZ.jpg
45,60,251,171,Hyundai,Sedan,N6MJSHLO.jpg
44,62,589,415,Hyundai,Sedan,I6EKGAZW.jpg
39,123,439,291,Hyundai,Sedan,VW39UUWQ.jpg
60,81,629,376,Hyundai,Sedan,FRIY8J46.jpg
12,67,456,357,Mercedes-Benz,Convertible,66YXVV99.jpg
30,49,482,314,Hyundai,Hatchback,S3YPO4MR.jpg
